id,x,y
100529,0.8877543661640845,0.049249249131313816
100530,0.5052695946777648,0.4210307965297207
101583,0.23274798537805894,0.2125654383151124
101585,0.5916073503533303,0.25509490180998434
117870,0.45017439021061306,0.11590472699177876
117881,1.0746093548865918,0.45935089401196
117882,0.8224736705538274,0.20002900119432626
117883,0.25603125443963554,0.9398415364520021
117884,-0.04122896717414802,0.6139563647224646
117885,0.2402686001723287,0.9410031006414634
117886,0.31769903107241093,0.24693307960583566
117887,0.8264639937454269,0.02033017916892364
117888,0.7033107583353688,0.36603121495250307
117889,0.31988072098688597,0.7904064652262519
125218,0.8454881923063176,0.02235951508336312
132462,0.24577044167893955,-0.11813316222357277
132463,1.0516862413035055,0.4106053287290128
132581,0.9983257244730624,0.9246654816278623
132583,0.7400773619301506,0.3990886018622322
132585,0.35291687359846113,0.5008542440577263
132586,0.15841170529944318,0.9660925733811302
132596,-0.04208776965190265,0.5135613007778914
132597,0.5206817135775472,-0.13291750303066935
132598,0.7439165744995787,0.10870300278466431
132600,0.5400111197150421,-0.091472470591221
132602,0.3020722394645802,0.7540229903888609
132603,-0.03001661959771719,0.665252238359063
132604,0.8662014323337949,0.08895261052151042
132605,0.9928941129267952,0.7451968592700057
132606,0.23397999149720874,0.45517723185854964
132607,0.6496445137706502,0.5765882619642161
132608,0.16475146798316753,0.3661234832047985
132611,0.13165680505229757,-0.07924166646667449
132612,0.6625177896239542,0.3019578101197266
132613,1.068619093378968,0.7868418514121925
132616,0.5153253840813949,0.06354974971125486
132620,0.38938543961797456,0.7970911249579458
132621,0.8565672139947299,0.9832705506976976
132623,0.911096837672227,0.431800670579133
132624,0.41200577153850565,0.48528837326748486
132626,1.0864151132831483,0.5486124539727516
132628,1.045975852608986,0.623044472475345
132629,0.6279222461796631,0.002266861709720983
132632,1.0855144890170894,0.6364902902702997
132781,0.9711371546330425,0.9923912822873553
133064,0.44660242703179903,0.8010294874349725
133159,0.4625645197543563,0.492864289493308
133160,0.0673020054572824,0.5563520283779774
135347,0.464968342563646,0.425104700116872
135350,0.412866307346971,0.6734282567718229
135351,0.4677349821913507,0.40430670641296745
135353,0.2287870065960608,0.4219393570089647
135354,0.11359679647324272,0.7310920780035715
135356,0.46482539121926847,0.38458440821746626
135357,0.3886695748162815,0.6771439987361563
135358,0.4468380807942814,0.4126067285485461
135359,0.4068979971960874,0.688920607626086
135366,0.46865186398648534,0.44118477289810526
135368,0.10725840255931596,0.41129428001394175
135371,0.4696293722402926,0.3695608312139945
135374,0.43469601981490485,0.4011453998857874
135375,0.37657687114138694,0.6975591606448339
137675,0.3896955765974402,-0.0961542608229076
137836,0.42241342130540466,-0.11768882734383909
137837,0.21125073206350872,0.5168771124668251
137843,0.46293907605982404,-0.02611947305179271
137952,0.4804255249416899,0.3592346048340955
137955,0.3644148773181001,0.8376760799336594
137971,0.509525540514873,-0.02539193451129908
137973,0.6992893661027205,-0.05244216727394244
149858,0.33497739610921434,0.7691523183316794
149869,0.7733823112956054,0.25136169890114884
150908,1.0096936257650424,0.5170425696172002
150909,0.9923568208608868,0.5309444495570734
150963,0.4717263360107004,-0.10957743740972524
150966,0.23530125097253293,0.8091589886808488
150967,0.10806013558525082,0.8252600441036507
154196,0.6837457385733016,0.3056123352409866
154222,0.637037720867093,0.3586533422370784
154624,0.9698905436671996,0.5448439749192819
156500,0.9752307416635021,0.8393932780402068
157876,0.5239606027909245,0.8663470239026363
157881,0.16610356882715716,0.4154640161124188
157941,0.08544272114751088,0.42807209709646926
157942,0.10967212722804268,0.3469295818390311
157946,0.3636845614155439,-0.00448188234358243
157952,0.5482330759491097,0.2829149537526749
157977,0.06816790351170361,0.39501872214442557
157986,0.14232956745862962,-0.12478273396734263
157991,0.13888088443124938,-0.10678592662052036
157992,0.15266868748440876,-0.09474701178286841
157995,0.15871032346207797,-0.11961330357797602
157996,0.17044774611992772,0.4324776091812006
158000,0.30695037187863705,0.49476152438161236
158001,0.04398011786111984,0.3429467618104188
158002,0.03409193612465366,0.3327399259371151
158003,0.08845226092282897,0.3817824186126305
158007,0.017855810778452334,0.45492201614889544
158010,0.3006295530595813,0.38836923597125683
158016,0.30376880595853667,0.373413970804381
158017,0.0041333135248459735,0.4396962625703773
158021,0.17281514814206045,0.4978583075803372
158025,0.06447502097476801,0.41708185729630143
158039,0.07405469455595605,0.3716596797445869
158041,0.10711584652195487,0.32819946962663765
158044,0.055289317777158134,0.37596301467144977
158045,0.18106514800479362,-0.10942370417767827
158052,1.0223559041261376,0.5962584138107905
158053,0.08461816722673475,0.4082209633402493
158054,0.09288785299460839,0.35708566474151515
158057,0.04405103196606266,0.41268233751595607
159220,0.3943007722728414,0.7305714675166495
159244,0.06111873212894164,0.7202785246298329
159248,0.7405639226749807,-0.010823301802798413
159249,0.8614667981384356,0.3007483024632367
159708,0.8107345023961622,0.9182308320570124
159709,1.0676949015452497,0.8808621274950894
159715,0.21831433577042894,0.36697536952190185
160037,0.7263671702975155,-0.09030253789444435
17052,0.8058013248120555,0.0060233933109788
17063,0.6300447224957024,-0.15183361361996328
17070,0.8429585345393215,0.11554018363501903
17073,0.4305758407338569,0.21758373703047246
17080,0.07632563970020484,0.23297737136039312
17095,0.2116639092545908,-0.1286883100878425
17096,0.19370011065698867,-0.12393337677446563
17097,0.2066966753308525,-0.10930212349004628
17107,0.18715148055413233,0.531762437079394
17114,0.6484250257416679,-0.1651139406448706
17115,0.21078832676738668,-0.0959788144260239
17120,0.45077988753752724,0.05430072985093184
17123,0.8790754534004884,0.1874140922262837
17130,0.17448663547489235,-0.13057352725511198
17135,0.6264425947371562,0.5140985757403124
17136,0.34293968842697686,0.6412273367768414
17137,0.3906914768133354,0.5347338514346696
17138,0.43249675915964114,0.5662585476280948
17140,0.36102313585182855,0.4628329154023819
17145,0.4608645267445267,0.6544785840051685
17146,0.8416981827745598,0.04792016659429967
17147,0.08433435668215031,0.21952163650860695
17154,0.5338860653408953,0.15828562898407877
17163,0.10828077835391482,0.3816274548007675
17165,0.13272431235010157,0.32846060353801915
17167,0.33233951047023963,0.4643484952110135
17168,0.5179838578121388,0.9329840251688863
17170,0.22892985540483426,0.13835333971052347
17171,0.26682934471571373,0.16392195763156087
17172,0.2643808477104192,0.546157385764913
17174,0.3310420299360311,0.02552278321903763
17180,0.3498870974759558,0.006179684302541235
17181,0.630059939027916,0.4503105200837224
17182,0.15329749791167818,0.40178899312007277
17186,0.22219544155574716,0.0705058339086114
17205,0.5534057225576801,-0.04289020791012566
17206,0.8608882659757845,-0.028340354649317147
17208,0.9582192144101984,0.5251195366031327
17209,0.9509848187555058,0.09810691376415169
17214,0.7637297750816433,0.5691266083185689
17216,0.022574894736872988,0.7178715301575785
17230,0.34856326283369155,0.656570599840794
17245,0.10645277975107818,0.7084479621647798
17248,0.7865635436027404,0.32546106689805293
17251,0.5195435970089991,0.33121717220726776
17258,0.7801714890765802,0.10523699347671556
17260,0.5340609721375532,0.29393442057846464
17262,0.052248224827870886,0.7467069687173121
17267,0.15630617385937304,0.6679897662797207
17271,0.5992630924084255,0.7983702071506782
17272,0.5835774844709478,0.7979697249974254
17273,0.7622272930493167,0.5352720059998494
17274,0.7770334741934181,0.5354632157564965
17275,0.935556176386868,0.5698981962021191
17278,-0.1006048813165176,0.7769675876325963
17279,0.674799441183702,-0.06588137823526066
17280,0.6678451532926607,-0.039654253868138804
17281,0.5135464429684843,0.004464415454853075
17287,0.021864895820276484,0.24599847660801422
17288,0.03256915896727466,0.23672415846287354
17293,0.7821429766638233,0.5160673101703478
17294,0.7677090911107358,0.01605488192419527
17316,0.8300686193633827,0.2636541298116492
17319,0.4310617313607849,-0.006332249826403593
17321,0.5496884651535364,-0.06793101446925306
17322,0.8585723027224129,0.267598063528342
17328,0.6980221227749137,-0.08003651918027502
17330,0.6765524225727814,0.2800723547915501
17332,0.34756287317086526,0.44961892607505527
17333,0.18051819725109983,0.44330339693251086
17336,0.41233625961599146,0.23433578894317142
17337,0.25983545776921685,0.32553705487463275
17339,0.3201583238625817,0.5063994161206767
17343,0.9153995315758755,0.6013565220671837
17345,0.3319214210313837,0.42334016820091813
17348,0.5915040702006353,-0.14855031339015964
17351,0.0603972220809584,0.21162905938623092
17359,0.564813945097128,0.5608803726530002
17360,0.6013092315580356,0.47502246001994014
17361,0.6826540597308507,0.25806500927167486
17364,0.6143446971766486,0.3506030964276753
17366,0.045812105671567224,0.6962248520070934
17370,0.3961865943186163,0.20724142189902384
17373,0.014740627040206098,0.2586394402356977
17375,0.14937440358595128,0.7178138616545057
17376,0.17391352120788323,0.17042154927566325
17386,-0.00007464536574899053,0.865752934656923
17387,0.36795487563784957,0.21678513046127057
17389,0.4699175326611919,0.20612925371806134
17393,0.6267999800567704,0.6003145030207239
17396,0.9407192566127334,0.4106486877205403
17397,0.492396126733579,0.08703517724028076
17405,0.5426609962456785,0.5239364587928526
17407,0.4324353444787806,0.2402649458820473
17410,0.6443777016644999,0.6479926693560357
17412,0.6206900289381755,0.027520674712102493
17413,0.7219839421271509,0.2878747704481841
17416,0.605093410017907,0.018636909367211456
17418,0.8720210437539743,0.3101230205559205
17422,0.5795500066454918,0.5081613442888698
17424,0.07057666834294903,0.6893158937994166
17425,0.7510508648146619,0.4146688596863779
17433,0.5161981899961703,0.36460016465391915
17436,0.31453637543591656,0.3350847731007885
17444,0.445708850087184,0.9843056042242091
17446,0.43135277736462374,0.9905464496268618
17451,0.6697489750007217,0.3522925261094318
17470,0.8484667316951952,0.3532095546293463
17473,0.4367172497022763,0.944196364028159
17474,0.6904677420383575,0.32890574432919184
17476,0.535597116860063,0.5524789172752507
174859,0.024907797531095694,0.6042495130985834
174864,0.49213678282913753,0.8476726706088087
174865,0.11338841284001104,0.43380377578292423
17488,0.4511836902366131,0.24666410412770995
17489,0.6305487855086452,0.054732663797719204
17491,0.8666204937913842,0.17562560521071963
17492,0.7740751197685819,0.1271943556275385
17493,0.30854102127232397,0.3053240042487361
17496,-0.045458334493051485,0.8635071586113658
17497,0.9016377610655028,0.6258661389318378
17498,0.645150551132493,0.3919218751187085
17503,0.505286375645575,0.6257232991119148
17505,-0.03319657657999473,0.8903818733264488
17508,0.8768903442915593,0.21083385011004163
17510,0.9029451767465945,0.09822967575022182
17511,0.8912218417406063,0.15837264826511369
17513,0.5692934470190595,0.38732612399019156
175143,0.8022446670234038,0.23923226169862427
17523,0.1599626585621371,0.10625543413352564
17536,0.4759092865477436,0.640029520965789
17539,0.6249935624703071,0.7373442117191962
17541,0.44354928893922596,0.1543274785379907
17542,0.5854493297180259,0.47138835691354875
17544,0.6482429502217056,0.7545835773037459
17551,0.6269327437115477,-0.019147349044593875
17552,0.6081914181982346,-0.015529575437016689
17553,0.5057805122134482,0.4525225514055706
17554,0.9563761083197899,0.4044844987711317
17555,0.5215811036876883,0.4446422392117873
17560,0.5223873222739923,-0.015507177108731264
17565,0.45677641247269934,1.002015852253361
17581,0.5352874657387565,0.380151991129333
17582,0.23817075678496494,0.3751423939463164
17584,0.4559897615706715,0.10054930239679795
17585,0.5262785382526638,0.023528746743698252
17586,0.6429360465564626,-0.02331703224648421
17587,0.5159514694059144,0.0397760604628748
17603,0.33421001590905014,0.1975107658799831
17604,0.9405880282076277,0.06847329300625693
17606,0.9215691975422582,0.07250285071092946
17610,0.45703177354852875,0.29170574649607683
17621,0.09423156733936373,0.7775780128400704
176296,0.8462159234192445,0.18724399356775304
176297,0.7237428030257741,-0.06107742870212775
17634,0.8451783507960818,0.14510097917912004
17647,0.6723915615471759,0.3287067097568191
17648,0.6562379950681676,-0.012883089765264383
17649,0.6225785513271811,-0.04300563008672468
17651,0.629970283606793,0.7221964019014896
17656,0.608541122472594,0.3992488593034706
17657,0.661503395675032,0.4133017580148729
17670,0.11899242482823186,0.671726648937733
17680,0.5447524839222548,0.40568381868276404
17682,0.4007494504046186,0.5720992851246213
17690,0.5165019754290998,0.29614640245811885
17697,0.9277213234850883,0.9611445774147189
17712,0.07713454833886321,0.7116380796010663
177191,0.7033002679763092,0.010060883418863029
17732,0.4109637312402355,0.45540397410421873
17733,0.2971888519028216,0.558659583587428
17737,0.22818971338421842,0.795337528257172
177418,1.0975930989759946,0.598229258415967
17762,0.2840714891224095,0.013064666323570532
17771,0.7720647305715329,0.3001046717689791
17773,-0.1087258949188712,0.7866187323134116
17775,0.6194104238997243,0.29922117984852564
177752,0.7665891978694251,0.0392069315289976
177753,0.7987433126298903,0.08273445301269265
177754,0.7506366802124651,0.23465517854513182
17776,0.47674513287158593,0.24001229093814838
177815,0.4461096545178856,-0.1472209016533693
177816,1.1145557186594552,0.6312968023581117
177817,0.13003482704989744,-0.05997275600846898
177822,0.7716454060205283,0.9620802296490369
177823,0.834327376716356,0.47388201276688435
17783,0.6208716202688229,0.41484558966485585
17784,0.6035670968633379,0.4246655918970237
17785,0.6095591286750587,0.37844376238911887
17788,0.23540209473625914,1.0382838253223212
17789,0.48894886167270635,0.4148060687325704
17794,0.26367151601385747,0.3068675851798938
17796,0.35054039995746217,0.23094329074107187
17797,0.05279853469596575,0.35912784719165647
17800,0.33381896029648894,0.2875943101540249
17801,0.5081361508896471,0.4836836321499272
17802,0.5530470693380436,0.4581099488783972
17803,0.2817526428997594,-0.0013949176025764593
178038,0.677622607192401,0.7007911803630437
178039,1.0224809809596056,0.49142089603490435
17805,0.4426200561921889,0.6063622316798745
178062,0.4765216869456381,-0.12649311669796176
17831,0.6944973632383439,0.37810972736435594
17832,0.5057852948251537,0.7000618948678238
17842,0.8657697972124921,0.13655741514680717
17843,0.8661353143991749,0.11800538894875569
17844,0.8855288632203049,0.12751414709928535
17845,0.8887991059151299,0.11083887701472064
17846,0.028818092727081083,0.46914417478685894
17847,0.5718134851618495,0.6653418403011763
17848,0.4184758870825656,0.254367462093317
17850,0.8232551996327317,0.21674305209425512
17851,1.0632684503305911,0.44281886036264273
178515,1.0515844115671034,0.5374808730908882
17853,0.15169131179629342,0.6510006791753133
17854,0.1409749810094327,0.8230462213180784
17855,0.05063125366273124,0.7650969529085693
17857,0.3385422252083473,0.21251701529644346
17860,0.8683047203726051,0.5152973744766823
17861,0.8594200871292208,0.5025228829811592
17864,0.3576181798767605,0.29151580197097327
17865,0.31104564652773803,0.35126737465243973
17866,0.43946797803289434,0.47906664165793084
17867,0.4933888233525492,0.33623806883341856
17868,0.3065792886064762,0.2038933023686723
17869,-0.05297762505683253,0.46288757543971837
17870,0.3396092792825061,0.5236429907457497
17871,0.3344924827708102,0.25259980725971853
17873,0.4225440329852107,0.4706743341680931
17874,0.48975425476173146,0.2770163276039047
17875,0.2929239680336513,0.2882626806073922
17876,0.6412936693666692,0.47951021440607333
17885,0.7182369373275952,0.10520557442538206
17886,0.9269846790643429,0.5375426229782113
17887,0.7362180695861493,0.17994903606801854
17923,0.47948572110011795,0.010103442960411787
17930,0.9956111350826223,0.5794931947005089
17934,0.9894114790260813,0.5575749648276281
17938,0.24337309777987218,0.7378201604784399
179389,1.018742707258023,0.9512755472080668
17939,0.9393250598476339,0.9225788622753053
17940,0.08958382908588013,0.6241543881960118
17941,0.21731100972665163,0.6778433630843735
17942,0.5345342767397162,0.619402861073938
17943,1.046964240993399,0.5637551412121161
17944,0.42447223526280964,0.10686983060113814
17947,0.2764183031138932,0.714657560674071
17950,0.543169966368568,0.09766287020851566
17952,0.4821383857082682,0.0656462734646615
17955,0.16224119522898858,1.0185176999248953
17956,0.2101207437972122,0.1699095996660602
17958,0.18168039918806478,0.5734330857848633
17967,0.5950071316205795,0.7149965648881212
17968,0.5875663814212553,0.728740875276836
17970,0.40336248190250895,0.4164873833171856
17984,0.48837515058692704,0.6975131214803916
17988,0.7898311147200158,0.15266679446060655
17992,0.1846634737431961,0.48492808007338983
179927,0.9479100116411604,0.8892843956233303
17993,0.17819447986016396,0.46623782663233515
17994,1.1325535889986946,0.5777944496734169
17995,0.8804377745020917,0.6443686267104642
17996,0.7837120672438911,0.033231963207675685
17998,0.8129874538307988,0.8325321696397656
18001,0.3771814012220906,0.8962195206989955
180011,0.905372620741366,0.6633960575325214
180012,0.6645993151068544,0.043850904619466675
18002,0.5641311595731233,0.5377224986626548
18004,0.5000696891954914,0.9191425511176055
180047,0.7371108602287674,0.8628860446693414
18007,0.384218533144486,0.5693996419491533
18008,1.1123119018573768,0.49761211135856753
18010,0.5751748961288778,0.9012299638405347
18013,0.7218402032133999,0.1439143487655428
180131,0.775702734362476,0.1440866397687261
18014,0.8110500795212873,-0.015674280435509926
18015,0.9724797799581627,0.24279430280814734
180185,1.0163768578631434,0.6324264087705153
180198,0.4765235421203871,-0.0916322741113845
18020,0.8713694986748571,0.23578961668299192
180226,0.8086947295593622,0.026914638508147692
180227,0.6185034653260887,0.32387662390043137
180228,0.9212650502841809,0.7816840546993901
180229,0.9675740587230882,0.7103169672363617
18023,0.6649644071157653,0.12241518569094512
180230,1.0689911233811138,0.5442332706425855
180231,0.01979586169238806,0.6765437261375323
18027,0.03812880160190635,0.7131475509034407
18028,0.5749365768195842,0.5729630497599323
18029,0.20365329142423147,0.7280392574465389
18030,0.8152699447108576,0.8129383359130684
18031,0.19481630403001074,0.6532630249879421
18033,0.48436212225712266,0.5886291035146967
18035,0.5080422721129141,0.23101999184618022
18036,0.926030871831473,0.11111937790298042
18037,1.0927212599624194,0.4449743441385589
18038,1.086745083105135,0.5066274162295906
18041,0.7823009873740101,0.17963260290368047
18053,0.9138889127686246,0.6881869895482441
18057,0.28111976502314673,0.6371866920845277
18058,0.4898106799451055,0.6678110611441427
18060,0.6062342916445984,0.5932301725978608
18062,0.2161491105194778,0.743883318766575
18072,0.7517629925872593,0.20539675358442055
18074,0.19388408385309824,0.512367161467391
18075,1.1169273045370043,0.5321633037356112
18076,0.9576385275250681,0.13917812736019428
180811,0.8875676186311022,0.40213684516368425
18083,0.9530318475627599,0.11582155841108872
18086,0.3255739664626831,0.3026500399540786
18090,0.4195182231999369,0.08968758002659698
18100,0.49380145694578376,0.021205692099500406
18102,0.8644047768066967,0.8000309620968895
181033,0.7052272991295593,-0.12496495221479605
181034,0.834424856666426,0.36330970996893985
181130,0.938702096778395,0.8433270856011049
181132,0.9242040932705955,0.9153737002220802
18117,0.4581880806484634,0.8422060250877632
181217,0.21012364458678853,0.11453841000282462
18123,0.5400884760130791,0.3332596208373305
18125,0.9453484837909388,0.4922835954492328
18130,0.19993165024245452,0.46590320408967095
18132,0.27964955114260487,-0.05603887282564739
18134,0.3818093677109882,0.4216870855958541
18138,0.06016048341756684,0.6445278887619539
18139,0.06292896929584343,0.6676164127121996
18144,1.0473546757916308,0.391670153643931
18145,0.7414823055616141,-0.0670968424014487
18149,0.7747567081781475,0.6226848049490062
18151,0.5402063997320917,0.06626710291684994
18153,1.0185293897070236,0.7488583010993335
18155,0.5145245565784455,0.5587709686240406
18160,0.7933312242825603,0.21635399375669992
18175,1.0675246664442382,0.5812046925826123
18178,0.4627827282468795,0.9680649034974038
18183,0.0401981267317763,0.8875958871896886
18189,1.135798782866136,0.5182468737074377
181922,0.9449143436983153,0.964283437692876
181923,0.6094263471941762,0.048344022432916314
18193,0.38103647593764334,0.9325108748036209
18194,0.04198887973762712,0.6666483146765532
18200,0.12297294862791458,0.6549466780819939
18203,0.10262215017438153,0.21787724420301927
18205,0.266424956398862,0.7468846350878303
18207,0.614792244221889,0.46773269961747177
18214,0.3038384511753161,0.7087141881952255
18217,0.1551066152292434,0.6058294646470603
18218,0.14194890989626976,0.6126804073721069
18220,0.9006964697865854,0.4095474631832057
18221,0.9056228906319037,0.4206575399850056
18223,0.4685685957608547,0.5798661553433585
18225,0.8085223262811074,0.18060390397220824
18226,0.12306285512860049,0.6183400822693181
18231,1.0050625105675395,0.7271831487485693
18235,0.5039050469933409,-0.10912873141066087
18244,0.8040929726675157,0.775207311003117
18245,0.1853379822520206,0.6386152824533243
18246,0.964125689765897,0.4642455422704443
18250,0.9076244149691098,0.024146397986065545
18251,0.3506344431666057,0.36416804036556033
18252,1.0002429999109717,0.664957790329458
18253,0.39643025418787153,0.2602511896115532
18254,0.9406545698840912,0.2142052402894227
18255,0.3517092099759943,0.32743911156046784
18257,0.9769034702759702,0.9214983277543765
18258,0.08842467692963558,0.5831056156073149
18260,0.3764575818685759,0.31364398921403736
18261,0.1924962496790481,0.14056681237483543
18269,0.08234694418812945,0.6724459167674632
18271,0.5197641795095329,0.9113101227373123
18272,0.05683914451088908,0.8866982673499836
18275,-0.010879141627004702,0.9109834707246814
18278,-0.01584330178625009,0.6701651034984552
18280,0.6719101138637991,0.3999744731021897
18285,0.886427521202707,0.956500622838236
18299,0.5722614673900399,0.4036486248189899
18300,0.4422424616234769,0.6540312746015117
18311,0.9068839699592206,0.8784297037443577
18313,0.0952226888227234,0.5446874099310652
18314,0.6210222247302505,0.49864565381832276
18315,0.7381260670468603,0.3189072476393868
18316,1.1319962807074093,0.4976578153234382
18319,0.2563428071277765,0.2901081221263924
18322,0.5891556684955739,0.5315689573601284
18323,0.4970006694737014,0.573240358573518
18324,0.560632907635255,0.5869572418687199
18332,0.5888835988943032,0.6077351927566641
18334,0.7328098647439718,0.8453822810412385
18335,0.5878010638569876,0.6320808533256096
183382,0.5098161056386127,0.09446227931008458
183383,0.9273200264310388,0.521890238263112
18339,0.5241991495265403,0.5253475294919587
18340,-0.04642548703298563,0.7358251728911738
18345,0.9753753456412864,0.9057743363848584
18346,-0.009749281802705607,0.7959407006002345
18347,0.9160524358236636,0.5599918759262955
18351,0.6055704206339108,-0.07590773809730135
18352,0.42640135057680034,0.06980211905038637
18354,0.012911366323468414,0.8019970617586546
18355,0.5068523633222953,0.5082764531469046
18358,0.507073226831523,0.5344741934875763
18361,0.9948083565623032,0.7722073378725841
18362,0.7359972986173338,0.4449249958525065
183634,0.8618778474450252,0.6795224495647726
183635,1.062478223175955,0.5153944557737676
183636,0.7303088961896175,-0.13430684363036285
183637,0.10405521821774291,0.7539956361123308
183639,0.541477224192162,0.8739121908310529
183640,0.5875513886908833,0.2978424425614623
183641,1.0131003784079804,0.8036278431857865
183642,0.3635885776292816,0.8205747321384663
183644,0.2987448420140109,0.10947432576116087
183646,0.31560357814521983,0.11283946125403638
18366,0.3216793973861682,0.9888114045574341
18367,0.622104822391893,0.5774913098033474
183688,0.5780134674008448,0.13794115757702505
183695,0.18961934409240677,0.679339664741431
183696,0.7158876923912877,0.407620448050214
183698,0.48847514658097524,0.8863715032800165
18371,1.0524436052741764,0.7956279313580028
18373,0.4078794864777349,0.9507249765643507
18379,0.3592899692051034,0.7529134419998073
18381,0.6829648025759748,-0.031707579355832516
18383,-0.1032649027312147,0.6538254016643623
18384,0.4423381274116613,0.4552350724980955
18385,0.5907091113041365,0.6941875648480976
18386,0.8840284350976032,0.694000214303163
18387,0.4261421546155816,0.8594127588793237
18388,1.0838290215540032,0.4714970776403061
18396,0.1639602780169081,0.12760416053000415
18398,0.21906658906866258,-0.08536030884918576
18399,0.021499106243696307,0.7663536817560513
18400,0.26235255528627344,0.8067604422506275
18401,-0.034885378196195464,0.30801489928233594
18402,0.23497783456524124,-0.14159860165036023
18403,0.4895904420152179,0.3072581977343921
18404,0.7086480594083433,-0.004596359870360359
18405,0.5316824567686051,0.9680468425828099
18408,0.6136524174018938,0.6803501295743307
18409,0.27573001291144783,0.7781473853189241
18410,0.5745103484260293,0.4490823863261964
18413,0.9673293637998922,0.32027368006814816
18415,0.5090214682786405,0.16986366794978983
18416,0.5206898037636346,0.18399047563890908
18417,0.4846371504180638,0.9185355690893692
18422,0.5613840523783887,0.6057613588491488
18424,0.5553318354400523,0.31391945795117576
18428,1.034556316689925,0.7237040731162888
18432,0.5477524279523043,0.23124967429297882
18433,0.7299611350647985,0.03936826271255615
18434,0.47988679857044125,0.7250941948276044
18436,0.8187530618648274,0.31269556494744727
18437,0.07359802865195154,0.975879908706672
18439,-0.024482627046110234,0.5678471584812411
18440,0.36693148209780607,0.7817113150458074
18447,1.1337528724637065,0.5490046897758564
18449,0.39087079537232905,0.025113196139949993
18450,0.9866784100555176,0.9703119765924549
18455,0.32855433602564876,0.9621503882332298
18456,0.20948840596974502,0.8528086448835204
18460,0.12701776631234285,0.7850079147742626
18461,0.6482201064543864,0.17315077664259965
18462,0.8870859164546614,0.35049478766793696
18466,0.28456021879757737,-0.0696267900164927
18471,0.770155126317943,-0.03714237139878557
18474,1.0296000566385015,0.531510643074893
18475,0.18936347864422687,0.7917621416539272
18476,0.5808358399673657,0.3755283820113586
18483,0.5512392582313174,0.4837655020977928
18484,0.17202686595469585,0.8029161273907097
18485,0.6107380602741983,0.18039179413421286
18486,0.7788414795005517,0.9164615112207726
18489,0.8136760241026443,0.7929590772987403
18490,0.45987432889805235,0.03820098171996007
18491,0.8220031419021506,0.11241630547638916
18492,-0.024666676861987865,0.7193487294456055
18493,-0.007228414105011051,0.8334976588947668
18498,0.8561071541794519,0.28259960593232136
18499,0.5180464903501082,0.2571610076698971
18505,0.32982945949918185,0.6202769567510846
18506,0.11552463356359628,0.49941736221669325
18507,0.7484225225697072,0.8243263348258552
18508,-0.06253886170699946,0.8362756266441405
18509,0.9961558061776343,0.8623340650469244
18510,0.8683982551121593,0.35843764701888287
18513,0.5184126555965226,0.1149638101379788
18516,0.8346388067491864,0.9124874964665077
18517,0.3650015863649094,0.6184845562940732
18522,0.8469953263248838,0.9585422871061787
18523,0.6707619621690638,0.5135816599032225
18524,0.627670971333665,-0.10660807546547485
18527,0.2301782517476189,0.7239070513322222
18529,0.3059355383211627,0.6813234016482617
18532,-0.046136601367161904,0.7971717869286622
18533,0.22766461761120133,0.39441125573694735
18536,0.8016968901170985,0.11562724170001365
18538,0.2628187955065823,0.6002159562350973
18540,0.1497145802334792,0.8913271697248106
18541,0.1565171382077208,0.14874250251920426
18548,0.6248337855033306,0.07344681005503649
18552,0.6797339802647847,0.43245553025633915
18553,0.5596107437663512,0.3484161276629515
18558,0.7543487191565053,0.949696749057494
18559,0.2575067598318814,0.5132305151712346
18562,0.1337101715943189,1.108097415144841
18565,0.01694089417083791,0.9226631788094897
18567,0.23897799928486887,0.40931261802979085
18570,0.7391162880334342,0.1327002453686914
18574,0.4243508040592052,0.3590868277352328
18575,0.5307179125882888,0.4967582737108679
18600,0.4105778380943135,0.7735982917221275
18604,0.2060683436570306,0.3521846797422708
18606,0.5553555306319854,0.19837766696803644
18607,0.42042024638811576,0.3746169127588703
18608,0.44785780384878415,0.528695155718904
18609,0.7967317453393975,0.6973151760050798
18613,0.2222330609751574,0.6064629015716185
18615,0.5563067978999094,0.24458500240126133
18617,0.6255976666983831,0.11964906604392926
18620,0.10736381763862171,1.0056544313458338
18622,0.17914043497894186,0.9035724922771445
18625,0.6169240180008666,0.10037536411607625
18630,0.872657947202666,0.8995147415618744
18632,-0.09118009482455966,0.7439910238531897
18633,0.06388442224608956,0.2841604314801829
18637,0.4800758860058599,0.11836537067125447
18638,0.22694475860136198,0.6632370603276014
18639,0.39101099880952184,1.0406087705213714
18640,0.1257370310373633,1.0256819293713566
18642,0.4196497913734073,0.19161642617189176
18644,0.2718382614086155,0.25132057488573223
18645,0.25916899429301515,0.8612260045241581
18650,0.6512497661623674,0.3276766279403551
18653,0.1963406649766836,0.6246609714755486
18654,-0.0865579228552241,0.6657968078181263
18656,0.40202778346887325,0.5059372768385582
18657,0.24021577673223377,0.7567764878104576
18658,0.3919445341619486,0.17732082560578985
18660,-0.038396821420481245,0.39723326514389784
18674,0.4016314728520876,0.6361025863695071
18677,0.7520213292222482,0.3599628833986458
18681,0.5915910709930026,-0.11778282069995755
18682,-0.0625815630071669,0.6450782927570213
18684,0.6816547588552193,0.8691053112775676
18685,0.8714972951499392,-0.04321208870429808
18686,0.6532231600088372,-0.05162598318818783
18693,-0.04987270268848322,0.3154806881472728
18696,0.32594678871629457,0.750757575322992
18698,0.23288786920947813,0.5259751398667243
18699,0.7021953679476364,0.030664136423698786
18703,0.12216819730123998,0.4605883015505796
18705,0.7144069707365288,0.8495522004829581
18706,0.27962705820958,0.27038328432887376
18707,0.23585168491863934,0.4919525830208234
18708,0.15107561380376713,0.47103169809379497
18709,0.8631246200987911,0.7614556867750827
18712,0.144748122763619,0.9577211819832436
18713,0.7696486391040175,0.07668881447776738
18717,0.16099886882029504,0.6324706574398168
18722,0.7111346359236435,0.5805948559110221
18726,0.5654757593223763,0.1522999832115433
18727,0.5533383580641202,0.5043025836209163
18730,0.45659495086261986,0.27441751071130627
18733,-0.06341582286593372,0.5542486988132096
18736,0.7779707036544864,0.23007414564253612
18737,0.29299289390779754,0.6693973637721943
18738,0.360899375431817,0.4075235871080485
18739,0.28773745823650615,0.902558227004123
18742,0.21339496392094867,-0.07008466722524513
18743,0.6972662661429508,0.4868280072665291
18744,1.0032229992765693,0.4930175319945943
18746,0.042264746220663084,0.5516177917639035
18748,0.8166180809670451,0.4524704459622818
18752,0.747452272802039,0.6712170958580644
18753,0.37575343541998785,-0.08813175272796864
18756,0.6312906319425198,0.20941816930685211
18758,0.9518504183087834,0.8253645605588796
18760,0.7900194246299271,-0.03890925356446947
18761,0.44493600786154525,-0.07317648425659946
18767,0.3936776888785525,-0.016287577350087023
18768,0.5501348337264337,0.7123040875836052
18770,1.0769074736023616,0.5960116960059765
18771,0.826821994046389,0.08452860492994016
18772,0.49217907607828715,0.04950579214496581
18774,0.174633834344714,1.0718901270100563
18775,0.5267193400508297,-0.06440976480061901
18776,0.8938177291040206,0.6783611649865873
18777,0.5807367775261992,-0.01995505131493627
18778,0.01995904190562492,0.5282185189335231
18780,-0.12056336361775617,0.7939315961299187
18781,-0.12969029882287741,0.8035826447132993
18790,0.21491954748866604,0.9327990836834725
18791,0.29780201875261847,0.7939988764378791
18793,0.6547176508064975,0.0690531349985015
18796,0.42126199096449257,0.29741864506865606
18797,0.804311222808993,0.04668855806298003
18799,1.0208063887444299,0.45403133674115026
18800,0.5450963255721257,0.7296852700565484
18809,0.7137091894680807,0.2211547420877174
18810,0.1741462411093138,0.7563777609980312
18816,0.9387893372137823,0.7994250641634704
18831,0.8667837892314152,0.9185980372433974
18832,0.8837339571040815,0.9288503335644186
18833,0.18505914098648366,0.8779362179159234
18834,0.27676456183352494,0.7970822909707457
18838,0.5617917025441181,0.02900207554366861
18850,0.8483210032113946,0.8916514149367449
18855,0.7031781509239559,0.1904848611720646
18856,0.46211833761853094,1.0724141304053887
18858,0.3449511723701788,0.08209954595755657
18859,0.16852221489991376,1.0375673460628898
18866,0.29282623736605007,0.918788016484907
18867,0.898013287990826,0.8599618604517947
18868,0.30099344430995184,0.8136654976897901
18869,0.1837120171990399,0.9633514957686975
18870,0.20589046135097477,0.7945853409796027
18871,0.24829496871696344,0.7794186034735444
18872,0.24362971538673547,0.5547027133703317
18873,0.27866520748364326,0.4673589425358119
18874,0.9160049936505629,0.24034090279371811
18876,0.5927653919802524,0.1750839829839651
18878,0.7033590414405829,0.6430228640327055
18879,0.6909370240031154,0.6485445074721056
18881,0.20291933182886066,1.029373702818518
18882,0.1495738681756865,0.5637985044523341
18885,0.8242494163079888,0.968389148568483
18887,0.08603467578120681,0.4520229532455397
18888,0.060422417452289726,0.6159352073319242
18891,0.30798709043939704,0.64320392678728
18894,0.6703068405386579,0.8607808377380779
18895,0.7976270052875456,0.966878071563645
18896,0.250874865147398,0.9012201035323161
18898,-0.009703617099764528,0.6244194212918427
18899,0.33893832015232117,0.8034251099609709
18901,0.5260156580041998,0.9535461655548413
18902,0.3863085197163328,0.9116720542498615
18903,0.8884061118589409,0.757106439857674
18905,0.9014422620186143,0.747291204179583
18907,1.0472778879788245,0.48749111548121143
18909,0.6820403116542573,0.6297228616230597
18910,1.0614826157410977,0.6787909775374082
18920,0.8251997711368422,0.46358013806438586
18926,0.09310021541474328,0.829439828303899
18927,0.09945668406691936,0.6859300114594001
18932,0.6241112376563824,0.7041529696669048
18943,0.5662881911921905,0.07511521957931391
18954,0.4379579501670125,0.18525920398264142
18956,-0.13413747374511528,0.6218093577515584
18959,0.08644858229235353,0.5154930708486258
18960,0.27811943259863336,0.501632740382983
18965,0.6057475445538877,0.6548909255431044
18970,0.9009755297436747,0.8015509105274307
18971,0.6822533588483434,0.4706608356590102
18984,0.2264037647074959,0.5607705742484002
18996,0.3436390339019979,0.7308059749635997
18999,0.8178577216364232,-0.03649204821937336
19004,0.44418865041269995,0.5126346352521683
19007,1.128209926461734,0.7367434153010202
19008,1.1186714463570386,0.7243886608164624
19013,0.23666268561215953,0.6434758523311864
19014,0.10445888479938151,0.5289571982292384
19020,0.7080918569018415,0.3408567895051396
19028,0.8637902452878293,0.7021957990872914
19029,0.3237253284721834,0.16154051790969212
19030,0.7764575483056441,0.19468742834886205
19034,0.37336070880917954,0.2870707264652454
19036,0.41191994244866414,0.31217289204694765
19043,0.5059315171959485,0.8888936680517958
19044,0.6597107116264018,0.661972070395564
19045,0.6532417382815174,0.678351096595738
19048,0.7234365464303779,0.3764982561835951
19049,0.2529667222539703,0.6241783620247966
19055,0.3830464531679612,0.2676637868503923
19062,0.9103292038584139,0.3810007141995456
19069,0.06700371660304194,0.25137094076921723
19071,1.0720909587068292,0.6922335137273251
19074,1.0971256293253144,0.4812198321991688
19075,0.5230707638980181,0.7380697906328518
19085,0.8683014984252654,0.4082603089036216
19087,0.430197798173593,0.039373474515787044
19095,0.486284089781499,0.954608208077703
19101,0.4826515620872198,0.4984558210458361
19109,-0.11239963695843448,0.480036504967702
19115,0.5567242409785887,-0.010584490493048436
19117,0.6322542054142329,0.2603473486241469
19119,0.8757475231247023,0.780168090440649
19127,0.4947209062190868,0.15754281107867443
19128,0.8781812832083035,0.7293022882109574
19129,0.8623979784253973,0.8481547372375194
19146,0.3099224581703946,0.8333677092338416
19150,0.13153199490881212,0.3614672458820217
19155,0.45900866715809124,0.9309808301046014
19156,0.050339753106092636,0.8360059853430837
19159,0.5537786165764856,0.807803982905369
19161,0.6453534085101746,0.2493092718593132
19168,1.149872011124733,0.5617063393678563
19173,0.952362603195534,0.6163505822142828
19178,0.7144243716063611,0.12904599565993677
19180,0.2343668067823823,0.6955772188978596
19182,-0.020974254183945207,0.5930897400822677
19189,0.8289057152177868,0.8525724585026362
19193,-0.020691142650466718,0.4986512944451578
19194,0.23827717406657048,0.5790800013492553
19198,0.2682234941128228,0.8769157645100166
19199,0.8483602503613741,0.8353089750350787
19200,0.9488776121216751,0.559912482124845
19203,0.04293442401826121,0.43879229444595885
19204,-0.14644374741978722,0.5901256350888957
19208,0.5737049797497347,0.1711116015545208
19214,0.439095905615378,0.624199826883947
19215,0.36903306593913465,0.12145426139039285
19216,0.9268398491837647,0.8645812457825252
19217,0.28316418974900215,0.18196689367446003
19219,0.9410188082482946,0.7472722706962095
19221,0.7590011296207199,0.32618625039022114
19222,0.9482890054960849,0.9366918965834741
19223,0.5564471636505042,0.17736670318162298
19226,0.22038630461374262,0.46372979925850655
19230,0.22679989813387305,0.12187872502840219
19236,0.4935414236615975,0.5528287377367659
19244,0.9627130059125423,0.8986012699718088
19247,0.24469749083550565,-0.09883683489346311
19249,0.6265617432198939,0.2777016352679273
19253,1.0232675246156864,0.8546576451078387
19257,0.8551492367999082,0.8750894957733574
19274,0.6919564370782282,0.14202477829145302
19275,0.7838341270195565,0.34436904467296936
19276,0.7057741899579729,0.9771651939966163
19277,0.7058780909405203,0.9937629764211945
19278,0.11809417037795086,1.0402049074554527
19281,0.6586873842566645,0.8538338420271997
19282,0.35861976056461514,0.879165248638072
19283,-0.1341599207247176,0.6846251308068875
19284,0.053041969104554686,1.0168416306491146
19285,-0.12176854266198901,0.6530196252232249
19286,-0.14864341401329592,0.6658904147343178
19287,-0.12956780084552078,0.6658881303156321
19294,0.45293753359563993,-0.16084501033204915
19296,0.9814031134447954,0.7869716601494008
19304,0.7593290216185734,-0.011714389914615812
19306,0.35843437840190545,0.39169414561789395
19308,0.0673582847511285,0.8057863461607367
19313,0.9435017731675953,0.5965181539633427
19315,0.2558380859503258,0.33964934620887993
19321,0.3706237832619093,0.8596990721142815
19322,0.6813851446863158,0.08942609592658517
19324,0.16477679259629624,0.5257010744444799
19325,0.026083283813935397,0.7938482490100021
19326,0.15254959181062605,-0.0766621679430591
19344,0.31374773513539084,0.7253675188634854
19347,0.27825873060449324,0.5910817869082827
19353,0.8366414927688958,0.7088440567346769
19383,0.4929806172855154,0.766798818860128
19387,0.19306332530228468,0.1600258762291138
19399,0.9342408216765481,0.23460487752017747
19400,0.599285942828011,0.07991439511939641
19402,0.7299044440655547,0.15900103513855696
19404,0.46460774340549277,0.8002103886013299
19405,0.1927422523325436,0.320896950482469
19406,1.0930318198162945,0.5307053707102123
19407,0.6870295931434239,0.06556801767937498
19410,0.3869076984622856,0.4892865416300492
19423,0.2709444242875295,0.9906600573808612
19425,0.38071647559306276,-0.003728268754681033
19426,-0.027058889941858802,0.7614191495396192
19427,0.4872604190041843,0.6301732788241213
19428,0.8096569773746831,-0.06254864348414951
19438,0.4445657170607574,1.0767616703688467
19439,0.4298826897944146,1.0809772953463825
19448,0.9555114894674346,0.25557902411412137
19449,0.6773575577604956,0.020356369677226795
19455,0.25356762144278716,0.6759831116678628
19456,0.5639395812903016,-0.10383952244838406
19457,0.663126672578318,0.22541212530428603
19459,0.714458191388973,0.24369643808201927
19462,0.9392766313719367,0.3314928191993506
19464,0.5546565080499379,0.6614270771584976
19465,0.5404169022387147,0.6535127458969242
19468,0.04513877340844983,0.9525524460399083
19469,0.8083731090035499,0.9542829859624008
19471,0.41177879439681725,0.5967907718763927
19484,-0.07902784631139083,0.6512703808071333
19485,0.8493338143386863,0.06548302627154617
19486,0.4248944547551125,0.7043132741773582
19489,0.46642949284342494,0.7533095994444834
19491,0.6806367690088932,0.579081382851622
19511,0.4478318858170399,0.00968632275163863
19512,0.46722235197636164,0.692124519797906
19516,0.9360427894534661,0.9888466022467608
19518,0.6195875625706225,0.6212894381049231
19520,0.281502307266446,0.833775043839523
19523,0.7005278422315386,0.16853635668485942
19528,0.6558275110739393,-0.10919895557114134
19530,0.20753527029445903,0.8852498509186097
19531,0.19735790347634508,1.045801567682727
19532,0.3062557025743028,0.9498166320766166
19533,0.42134308360184924,0.8243170405983749
19544,0.22706743623913273,0.8542706566137075
19552,0.6425453777908167,0.11261927526253479
19554,0.8769812082515931,0.8628069076449099
19568,0.1793456171750141,0.23209884803651235
19571,1.0825614007987825,0.8688383375725705
19582,0.6982069939508586,0.592078278171554
19600,0.8134630496623414,0.7584191384013187
19604,0.7281214524950407,-0.040285092672052526
19605,0.4889730853191776,0.20136856338263784
19606,0.848128507705132,0.7536331105411735
19607,0.32337434265131026,1.0054551014371478
19613,0.7649236075571478,0.16407262024346608
19616,0.9018539899260943,0.7766604848341699
19617,0.44888620616921726,0.7614892941788398
19619,0.025415163770527056,0.3859994473988949
19620,0.8243313350787225,0.5975055097372093
19621,0.8412033973492467,0.576829995700174
19622,0.8339046986550244,0.5595249373666392
19623,0.8095871055038771,0.5825675769261093
19624,0.8199896446413129,0.56887504823061
19664,0.32119959271485066,0.04402215550554715
19679,0.12669745689406495,0.38754805600919967
19686,0.9629843814126888,0.7614782844990017
19696,0.6914095143188063,0.41071029554984895
19699,0.31696269977080427,0.8661882806205901
19703,0.9429601721579771,0.732574766838217
19704,0.5296751292211226,0.5772678427341157
19713,0.6930728419030254,0.44525824378775475
19714,0.6579056044094416,0.3657305671877587
19723,0.09436665063230687,0.1627555419458688
19726,1.0760827719472315,0.7683366441483834
19727,0.6039729869298859,0.15352385651824427
19728,0.5133589057202974,0.13048121261237022
19729,0.9230086078069416,0.13648071883252455
19733,0.7005245064238151,-0.020789841493293677
19734,0.716381407842823,-0.02678914517286127
19735,0.6985895530988226,0.11912390274010834
19737,0.7476581705363947,0.014367250560454847
19743,0.6435356529517817,0.4407759126534675
19745,0.019693851100265766,0.5478902833491659
19749,0.772089979044953,0.6891868505249797
19750,0.6195696254563646,0.6372342017511493
19753,0.29514531017297774,0.5206832147907534
19755,0.13231993648989127,1.1211045699311861
19757,0.41537544511939534,0.8881521151734659
19760,-0.06788611700070392,0.46362186157515584
19763,1.144673922251574,0.6076564607550794
19764,0.41389716876541427,0.5190282106588222
19766,0.5949428669034462,-0.03912586505696644
19781,0.13813484499242334,0.6910828471312525
19790,0.8398559049517167,0.7886798358503191
19792,0.6614390351824954,0.5631047644117783
19802,0.08344647882492008,0.20007885944331527
19803,0.7104362534558363,0.08152481054007218
19806,0.49204471020424845,0.45955049910352974
19809,1.0688380363993712,0.41550181516604046
19811,0.11460745662808695,0.6327107931631212
19819,0.06472061874172148,0.7770568359023565
19827,0.27799928055158085,-0.024649370261693494
19838,0.8369347919674258,-0.010391890543102278
19839,0.7559115808864386,-0.12510702571850915
19842,0.4908000652515024,0.23001460735277196
19852,0.5888526259531323,-0.07920113336856623
19865,0.57785725620996,-0.09337751701742214
19866,0.203462754132975,-0.1472149561973079
19867,1.0395963698821171,0.8886355943029903
19872,1.1154859386193197,0.5834824112305764
19876,1.0814828098180318,0.6152731888030879
19878,0.7548490771634693,0.05173024843696253
19883,0.6673703427621851,0.18103805947310062
19885,0.6582372920692379,0.4870136583754094
19905,1.1153503285152393,0.6046932489077763
19912,0.27525733857341506,-0.042886663724297086
19917,0.6777480210203906,-0.12484098567223768
19918,0.9170557571718078,0.48017864915325
19920,0.26166900866580567,0.7041646162370907
19921,0.03363190009826776,0.5884377980157435
19926,0.6694559693650571,0.2002732838806137
19928,-0.018217227484246496,0.47018869518299033
19937,0.9804650506479364,0.5157623759285492
19942,0.912013964303083,0.8168017950430267
19947,0.2292085254001519,0.975637091698923
19956,0.5941748411825929,0.3461002835840636
19961,-0.08874547591080786,0.5946717162926609
19965,-0.0385110293545264,0.3809484275516819
19967,0.013200774951332057,0.7471784807493644
19971,0.06166965613112044,0.5935520777259814
19972,0.8974696557242332,0.33128650167548807
19978,0.27054930108933295,0.897347114305929
19979,0.08017117827461612,0.27544719030880643
19980,0.40108148348406575,0.39788878454566534
19981,0.13592983662510308,0.7395989509199079
19982,0.459815973741148,0.5440505229637366
19994,0.3509647837961866,0.6954631683477309
20006,0.6024830738716315,0.22149686041782798
20011,0.15270709913427938,0.27983016131195854
20016,-0.021047122808541832,0.8814630761833587
20018,0.9498629922379216,0.8607469971157307
20029,0.7862866333096372,0.8219383323831614
20059,0.5780396298584823,0.26461059162237327
20089,0.8136633825200227,0.06431262347142842
20090,0.7588212188746748,0.691175205855108
20095,0.801980407746515,0.2899722864043121
20114,0.7835433911120245,0.6943755600119743
20117,0.38821702213206283,0.12772058129727448
20131,0.8113971943683247,0.15049346465898644
20136,-0.013375361738296142,0.928173777787117
20138,0.1830095815224449,0.7397698422697538
20147,0.15289386596351406,0.2647157773609341
20159,0.3700138540762761,0.1562776017086072
20161,0.9386183006336852,0.7688785077587464
20163,0.2828127955335554,0.5337292042719523
20172,0.19240955440229948,0.9497463679821084
20173,0.556647497719136,0.052980179693563265
20174,0.24102829223357472,0.2549763030938621
20175,0.15156548412577736,0.2949407277861422
20176,0.19931171732257563,0.5990214904282548
20185,0.34857892585660744,0.5580230215359722
20186,0.5861068008744978,0.05537830633050516
20200,-0.02295702282057298,0.5452663836154267
20202,0.7748228415291711,0.7894373225742035
20230,0.32318065518837114,0.14575826621567495
20239,0.18246465908988752,0.8453527667341162
20280,0.5955826388559379,0.1260436436634033
20289,0.4369312176210922,-0.1278509030090119
20295,0.8990902388693238,0.9224887132470168
20328,0.6776909226477131,-0.10600008648273719
20337,0.44149974319271446,0.3488908845069416
20338,0.4210139994269308,0.9157288620082672
20341,0.1340212019082848,1.09516978745847
20344,0.5858613639458793,0.2014610754575145
20351,0.13298649363040335,0.5679543417434166
20352,0.5499683550555304,0.11512568708777086
20356,0.08888104310865134,0.07262315130726987
20361,0.4390583387554048,-0.02127465307588037
20372,0.9247723382561545,0.8950904372393512
20375,0.3047799182477889,1.1364669633932316
20382,0.7486796101269015,0.5396800232856664
20383,0.10617788077196173,0.46360397214624993
20384,0.09659176898002128,0.08581113358458897
20397,0.6609991665126721,0.6105202027215093
20404,0.8855349560537666,0.8161171092466365
20406,0.2019308539183437,0.7641752007708005
20407,0.6292739348326348,0.15089992862217913
20419,0.876170195030251,0.8345939148509104
20426,0.36258992162006437,0.19098369874690665
20427,0.6369590525497444,0.1860716392324212
20430,0.41773371391883535,0.13470881762819428
20431,0.3461989687394871,0.934422550432265
20432,0.35164583815970035,0.9096432616047715
20437,0.491472020786496,-0.07062734949084881
20439,0.6520222797586875,0.015004103013808097
20451,0.009600048312279803,0.6259613376361768
20461,0.7904816566243672,0.8572597910311526
20462,0.26569616203824326,1.0817643379129582
20468,0.3686793924029598,1.1024468324352956
20477,-0.07670836618682762,0.5773207890972961
20478,0.3025989075548208,1.1238959674673406
20482,0.42640210907868836,0.8073247442826387
20486,0.2961514328349863,1.0821334928749584
20490,0.30617680505469813,1.111392296974186
20492,-0.06319623409087646,0.5881801334146272
20496,0.2552662561468406,1.069080845547305
20503,0.29432339751228637,1.0616084951651523
20508,0.7650226776309806,0.8188174542417658
20515,0.2591942585118814,1.1083045557424922
20516,0.2898047292643422,1.1012647562514588
20517,0.009266162211526036,0.6454284104685225
20521,0.37749940165727636,1.0761935319442355
20530,0.3186865912288074,1.0751367815654604
20532,0.3528205638162738,1.049441827968039
20533,0.33752845348883065,1.0912012815293388
20536,0.3199179180922328,1.0940151786677772
20538,0.2904931018692014,0.8666177791227387
20539,0.3075046701590265,0.8921632805024807
20541,0.35365552201401257,1.0659222432847055
20544,0.35859076825920844,1.0825720279436413
20547,0.0675971887059653,1.0608184522106987
20562,0.24826576366844808,0.20640025061966732
20563,0.7447629348232682,0.8039029612113939
20571,0.3839644435458273,0.07928249823779764
20572,0.45389729514094784,0.07939122708985724
20605,0.20905718717078448,0.26456252780883
20608,0.2950443334857827,0.48347841352584
20614,0.3151324766922241,0.4636086066759282
20634,0.4510433793652962,0.3059308619238598
20658,0.9432867345794448,0.672586112748812
20672,-0.004189624494249911,0.5494986836542649
20680,0.9823565551173414,0.6768715744923122
20681,0.418916045290331,0.5727745870247629
20686,0.07333125366971628,0.8468309349098236
20749,0.7658467669481203,0.8949041779476111
20750,0.2925092564552981,0.6527908947952114
20753,0.4037384073994493,0.9144514200388147
20916,0.4540398066290539,0.946278327291936
20920,0.8991981825974691,0.36006276148131716
209240,0.6445942812980223,0.4227802011302445
20947,0.7028166192203558,0.5076937554844294
20984,0.36501762472867094,1.0269647763306717
20993,0.8917290527670464,0.9765217129674996
20996,0.504025004297248,0.39334560077365505
21004,0.6934508187752311,0.22391931783568764
210052,0.5250136320082142,-0.11290145711378853
210069,0.5680008844064598,-0.06456288283280981
210070,0.713053245880996,0.46779938629420065
21020,0.3297481335426847,0.8371436519866249
21021,0.909118916074617,0.7310085332100428
210234,0.33781390132201716,0.8576078205383354
21033,0.9538540311856749,0.7832624670630949
210361,1.0695572565817222,0.7386991160724843
210362,0.15650784028045367,0.7515411378151219
210363,1.0509700756104288,0.7334490430270661
210383,0.02048805073465348,0.4169874950753175
210392,0.4575219820318916,0.8742729402736447
210393,0.24046315866550386,0.9943820907650411
210394,0.07439237321646723,0.740063175059623
210395,0.9915124809642364,0.43308881449320813
210396,0.22707192953978078,1.0070580843844894
21052,0.4665328197236517,0.737475005962125
21053,0.681232208270794,0.9489509600112196
21054,0.6722201929573766,0.9371333965536347
21055,0.6581966202446554,0.9297740087497252
21058,0.11832549204422343,0.5750131447524097
21072,0.2565194372491514,0.9704806381781835
21076,-0.09441713525607903,0.763465479793184
21088,0.5473170146990108,0.1417020454551502
211036,0.26590609145812244,0.43039051591144645
211037,0.2758487223848702,0.40173911621993824
211038,0.26703148821162537,0.4141703183690886
211039,0.5182932748941806,0.764744365890883
211041,0.5847549114124814,0.6500643871219516
21106,0.04013987144798579,0.9680550058253031
21115,0.3959947667902065,0.3631836522014301
21118,1.0224985680914946,0.4372257216639229
21121,0.9994430258469529,0.699229563398871
21125,0.16880689094207987,0.8867868139005558
211273,0.8594307069795458,0.9414770731271237
211274,0.6019931317334869,0.3082611074667678
211315,0.22076098369095637,0.3043394437550277
211316,0.694293787734617,0.0500153692826999
211429,0.5818971031987088,0.026903397357847827
21152,0.7281912339695203,0.01630307617347907
21163,0.13298282125877717,0.472980222242441
21167,0.20976101593676,0.43951704521912605
21168,0.2292458587221242,0.2826869042301798
21169,-0.08534642212595113,0.5590172715042774
21172,0.19438761031576168,0.2379823885009615
21174,0.2724281967886806,0.6640281812046666
21177,0.8345701915339008,0.985688170855422
21178,0.3885313583631449,0.7583030518115457
21182,0.7915627354577968,0.901952479295532
21191,-0.0857520192845197,0.7220289872331226
21197,0.2741344879903054,0.9382641433449492
21201,0.2089987900037788,0.5702326944803127
21202,0.11985477679000986,0.9418359644268692
212119,0.20457260076490902,0.702619322976768
212122,0.9899617814462385,0.6415937229883569
212131,0.1883897959341294,0.7086233026187351
212132,0.5366431434153878,0.8046442260125565
212133,0.026575073430532697,0.5737049719712151
212135,0.0027371056355177015,0.5712522758379462
212136,0.16489172749024206,0.68429276981606
212137,0.10843226963646638,0.9584709403060429
212139,0.21973088419419337,1.025057044820683
212146,0.08446037634627318,0.9224584193294189
212694,0.9965278041119885,0.8092165603182943
212695,-0.007524037945903722,0.4508236111709641
212696,0.06170554103498546,0.4422322665824271
21290,0.14303372168398468,1.0293656414598422
21293,0.2551973477550847,0.4646999364395418
213245,0.5302628104372994,0.8493086700672968
213246,0.38661423093001684,0.8155820841506607
213269,1.0776041400621508,0.724440154668073
21399,0.6785141623594884,0.541906421806885
21407,1.0230007289564143,0.778989427123874
21409,0.5315120771400359,0.4244777317332083
21451,0.06473345550983228,0.18636954401543038
21452,0.13268377463622363,0.5385967508253984
21457,0.3914338275102154,0.6024734155596598
214625,0.9783772052076642,0.9539447458224793
214626,0.6236397161544139,-0.06912651306453492
214627,1.0679827656774217,0.5655623883333605
214629,1.111140417891048,0.7014055641901505
214631,0.43138903023219505,0.7531539290284516
214632,1.0322373175942103,0.8286032610595486
214635,0.9773778411935865,0.8178539057826838
21523,0.41123972890576715,0.4369364075572383
21531,0.15333812038968772,0.9909456986833519
21532,0.10631373608022714,0.6044306939315669
21542,1.0430229984499821,0.8697002779397656
21559,0.7987956294193996,0.876034857400807
21560,0.499893754891163,0.9853092811201382
21566,0.6090933617902645,-0.14616688168845732
21568,0.06908618410424898,0.49896317501693505
215713,1.0394496390366967,0.5059514546976891
215714,0.5845530938176067,-0.05402889862920052
215715,1.0979746894304383,0.5700109505218636
215744,0.9336127498286962,0.8169992102252326
216134,0.9293196973122535,0.4898760845602222
216135,0.9734261183594527,0.8571485247874512
216136,0.9778888385258322,0.7504951538695241
216137,0.6150068094944484,0.5601880211717459
216138,0.9380952486776583,0.6321262797473012
216139,1.018919745060365,0.916520451206363
21617,0.40715614488730195,0.0548645509752891
216180,0.8209434396183211,0.8915715892115483
21623,0.5124643597219183,0.7497812230744845
216231,0.5054553189877175,0.8684469711358718
21624,0.6511017208892461,0.0918974379434508
21626,0.28093267630576857,0.3150365205408279
216448,1.0402687420105106,0.5866616204628714
216449,0.9619775087627509,0.9619131841241606
216450,1.0080812478012573,0.6117541669077504
216459,1.0383296380434692,0.7610994192046755
216460,1.0528261244516224,0.7683848026642108
216469,1.048959073814013,0.8175221418863057
216471,0.9873924161667167,0.6022444224974727
216472,0.9711808504211662,0.5973281368378137
216651,0.9999624697881824,0.9415883931181764
216653,0.09331506060702253,0.735752622120554
216654,1.0702377796561084,0.48946865383457727
216655,0.9721809904682827,0.629138026440483
216657,0.9134407507510083,0.8361049049684707
216659,0.49460501408265034,-0.08778356726668443
216661,1.012685551664944,0.8874511967262964
21667,0.576529657672182,0.10174369368588677
21679,0.18138132268165832,0.5477089992269886
216849,0.40656370612564646,0.15240381498323227
216850,0.8267413160557584,0.9363787909609811
216851,1.0283394278606286,0.6670228851091948
216852,1.0555606654754652,0.6007250719973994
216853,0.92442349225289,0.7152394224489197
216854,1.0348187978621988,0.46602496169388186
216855,0.9866298603801602,0.45404106709793307
216856,0.9903958447854974,0.4733257654782072
21698,0.13328163084481948,0.9296227576584005
21703,0.14288896963905745,0.8618881520675955
21704,0.0034582387474954325,0.7299005688024368
21708,-0.006688419627410505,0.7724957253460389
21713,0.48623950542537026,0.5196240205673182
21717,0.30702102816977633,0.5913725765001969
21718,0.40179543057133243,1.0761509114534245
21724,0.4244903060245753,-0.033179725000453505
21727,0.661163950316862,0.6999612807159208
21730,0.8959512854500253,0.00635171247478641
21731,0.7159014760371225,0.6463729909463312
21740,0.1110929310250796,0.19246974114212076
21744,0.3410127809333145,1.032495361678249
21755,0.5244575006429918,0.7794302867089149
21765,1.0416281551226212,0.9192337437672512
21772,0.6711445098396567,0.6495492298271889
21782,0.7279699392902635,0.8143903165198574
217865,0.8389878110307581,0.2415574662723815
21787,0.6232795744064238,0.5409229044861623
217878,1.066888248482478,0.6524317764109508
21796,0.4169093863454575,0.9979979148506853
21797,-0.054736709482129796,0.8992610091298568
21802,0.1623518990134265,0.8622347434303739
21805,0.08995595836640304,0.1838597470700095
21806,0.35328295519206426,0.6023932213511943
21809,0.28515063508295413,0.740951866472413
21810,0.5524452689453977,0.9167319920282294
21815,0.6310254475098441,0.6687207915880804
21816,0.1825548840168223,0.9286436054539348
21820,0.026502258123854254,0.863382042756747
21823,0.7080670707578292,0.6870826367850751
21835,0.12936867266848384,0.7056798455496803
21843,0.4698788203705648,0.8907524478534398
21852,0.377219668090353,0.5051168542011432
21853,0.10597226752835641,0.8669327305395947
21857,0.042051169990628384,0.19512140646705847
21858,0.05351125428618731,0.9160752219886475
21863,0.2024008685668261,0.8253313730351958
21864,0.12059143165413574,0.8934556639785549
21866,0.026415791023058247,0.9093445344854448
21867,0.11134708389091065,0.8806348666356418
21878,0.9111895944984965,0.9435355895799473
21879,0.14362822471887177,0.7749712678566163
21880,-0.002330840644336872,0.8895870491934341
21881,-0.007831780644255455,0.7145521228975877
218876,0.8966435270953763,0.8948516797216115
218877,0.8464989768404675,0.9248053405244763
218878,0.9783282473865396,0.6562719609397891
218879,1.0377946319441138,0.6445979489398035
218880,0.08854124379004,0.6515226012878628
21900,0.38076314169095826,0.9719233796936668
21908,0.22988932500933995,-0.1210179393728031
21912,0.23190603024136217,0.6244488026376535
21925,0.40024902772689386,0.33110702109631235
21931,0.7886055573886175,0.06262292287140146
21932,0.3995913536618136,0.8625651911557692
21938,1.0287586979593344,0.5609852137415374
21957,0.47168483346201445,0.33267525417805593
21998,0.007084701548082601,0.8515964437131858
220438,0.09149604991490722,0.5643346024671687
22065,1.1591974951202753,0.5308251003927017
22066,0.5551623451894339,-0.125869937653468
22067,0.6256977923650184,-0.12500110413371152
22070,1.0118519746535397,0.8414464096781624
22091,0.7366852491513262,0.21749003912002157
22229,0.7362787344469026,0.26558000529289816
22244,0.08491311850953119,0.943990718086112
22245,0.07574956949394737,0.8715837377157909
22252,1.0850912956000236,0.8337890089846719
22254,0.7277812330174438,0.3477052519187651
22255,1.0703350051941947,0.8249883108935793
22259,0.3152535968354073,0.5340122338523519
22262,0.9635656311870305,0.8010656365969561
22272,0.17034141247661758,0.7073841945055992
22275,0.5642324608197606,0.41930285160503167
22284,0.2692972254069013,0.19252941624653713
22286,-0.008366150098185346,0.5171259520294575
22295,-0.039070662251619946,0.9044017094863301
22314,0.3591042606802882,0.7990034082547525
22321,0.22114863965743692,0.08442602685630633
22322,0.22081228570136366,0.09822360424578917
22374,0.5433029486006369,-0.030890051946621134
22385,0.14376373412189764,0.5061371625157676
22393,0.8901633978930251,0.6337896707047773
22401,0.3119551190082952,0.5709203528912778
22422,0.7916415512465895,0.5460034633491887
22432,0.4859724255810969,-0.04773775532939665
22477,0.5217158509092955,0.2732746460231758
22478,0.5922911700795364,0.5782667335066416
22486,0.2909626105428723,0.43868248140469945
22514,0.22606497720966773,0.77271412154643
22540,0.8009206644984634,0.30907175511439655
22551,0.57228246800346,0.48666579797431453
22575,-0.14019109113277622,0.6067069983505424
22578,0.12427033966172273,0.840001316921128
22609,0.7376764848492678,0.6228837256521124
22642,0.47201580694563333,0.17427185012001434
22643,0.2991796445823887,0.2411367036608231
22701,0.28414575757085186,0.21271033969367328
22704,0.21418582412038054,0.9126449876793353
22729,0.6575690381460834,-0.13236938317201402
22765,0.8653401898182627,0.651279219184211
22802,0.7910702200848585,-0.0610349604879172
22838,0.10499251430212031,0.9750445697631289
22879,0.12997833470058784,-0.03820198488721805
22907,0.7631298425240419,0.28594589440331214
22943,0.5420854396756807,0.21776805286209985
23024,1.0524209780085316,0.7052304361872552
23027,0.8862135673825828,0.24253529250844288
23115,0.17420521043348727,0.9781052477369271
23190,1.011494617567391,0.552951880782264
23192,0.33779590511837987,0.0956819440010335
23207,0.22375445516647752,0.9479382560608616
23216,0.6760217978251133,0.7207607909298884
23217,0.09026179303660585,0.49881399680123145
23223,0.05399505492142551,0.5144474055043887
23224,0.03773371127925406,0.5095087643889555
23227,0.9459363330568125,0.24329707589703106
23228,0.8657024069161041,0.0066361522170697625
23247,0.32790845788615464,0.12634094576195085
23279,0.7899068444211296,-0.10428571668477478
23280,0.7096919438880114,-0.10140828925530238
23281,0.3074701041562707,1.0326539644006598
23284,0.5447888088019348,0.005330480597361197
23323,0.683447243385431,0.11104125281989272
23338,0.16238053807326383,0.8223259011868217
23385,0.16514830295740746,0.5948157544400853
23397,1.0859695071120146,0.8048371908108352
23399,0.4145623808189216,0.2741800053515008
23401,0.19049684519161852,0.39636202237242296
23414,0.3342675876684344,0.5711616034874277
23416,0.5350787286916819,0.47090745915297155
23420,0.3900382829484483,1.1147533654064121
23434,0.1421889168506658,0.433361131585674
23461,0.28486153120643193,0.9798335287480862
23463,0.29085069459544066,0.965615273143225
23470,0.6415570161072907,0.03927061094993399
23476,0.058324900105462485,0.4697821637573496
23491,0.09408080147091329,0.800800219000501
23493,0.4656637480019504,0.14078895712342002
23553,0.29274478178198754,0.9996799812108593
23558,0.7641876677952013,-0.09007708287272237
23593,0.23329486932315927,0.7100911940648775
23682,0.20164147573695684,0.9956076818897031
23702,0.9937471731434497,0.89206473754103
23703,0.2827473994892092,1.0191592309895166
23711,0.3652139415516459,0.26155806739872706
23718,0.5573545925399884,0.3637236147725789
23725,0.4066976569908129,-0.11095024075639123
23727,0.836627905659855,0.15695323323544125
23737,0.7652793694364611,0.09318045562998042
23738,0.21202221420182796,0.48724079334178844
23741,0.054078254961706894,1.0674253959656552
23754,0.3933337752051597,0.8836716150401251
23755,1.083782910023046,0.40137155227855814
23757,0.47317700444957983,0.08011248287616039
23761,0.291525224612755,0.7708223934558095
23770,0.3838790823415572,0.2275636670037498
23774,0.3764340002367833,0.45995039196015297
23776,0.15541034694039244,0.8428367779826208
23777,0.9659386827460953,0.5671225911823446
23778,0.15389784293820505,0.9168980118869513
23784,0.19958867726673057,1.070148060465875
23785,0.45223391867252716,0.1788268925831668
23786,0.00421221786998677,0.6809219904803752
23790,0.14989950915907826,0.8030498912485426
23791,0.6784909950424198,0.3827062263662697
23794,-0.040133049680607685,0.41250147215460514
23815,0.615467618150912,0.13084848415935343
23820,0.4569675170550604,0.9126766984046035
23825,0.13445230541922462,0.7592288859587433
23829,0.5347444521001116,0.8344095734062406
23832,0.9027669911378536,0.5895268753842238
23835,-0.03866821860425187,0.5314883724429066
23836,-0.12239647561704219,0.46801435322808244
23840,0.9580022615007837,0.6557259964635694
23843,0.13512564770450106,0.9937582724809093
23845,0.6566602779183767,0.5315504089826668
23854,0.646356966368434,-0.09126676718640246
23858,0.23588502558376517,0.8323814242677176
23859,0.8238586670882604,0.7199283556134793
23860,-0.06915917108933234,0.7329604135296802
23868,0.47579430105885645,0.4659263268739194
23870,0.25330530052923894,0.8272263534821258
23872,0.1188644267087166,0.8014193199639923
23881,0.33494873984006673,0.6964324975654694
23882,0.6766704199565697,-0.004435541283050006
23883,0.7699241388791306,-0.07045825526212665
23887,0.7256141543288412,0.06165320522973348
23889,1.044667315609097,0.297995859238758
23891,0.7420924713330104,0.07410823199002968
23893,0.4687347392473043,0.6695699337657948
23899,0.9463308182768703,0.7150588839275799
23904,-0.034792533276014746,0.8335050912531745
23905,0.24567609186749353,0.11360221997330369
23908,0.34130001921323827,0.8854595004275503
23910,0.23536984029725178,0.8697394691722488
23914,-0.02401025068888743,0.8581783015534957
23916,0.7868960783028078,0.0009126496119052448
23919,0.8175095804765298,0.8669127382423861
23921,0.7781974115353846,-0.015855379711246547
23922,0.7510421611091588,0.8996188374668944
23923,0.06997054934645443,1.0148521970755457
23924,0.42566212176717655,0.6035837832217974
23925,1.060156799703658,0.8548513261984941
23926,0.17756100680083442,0.7754435374836545
23929,0.8247965153001624,0.16942771895413278
23935,0.6029133050019783,0.7603116590505111
29167,0.314967646012993,0.419158383445935
29168,0.22892865526449427,0.15387067560749923
29331,0.7137523995713196,0.31264954328145134
29648,0.8209516266005583,-0.07272576060082114
31080,0.9696728315479564,0.877591395627817
31937,0.3586326887140015,0.37786632941593656
31987,0.07858603355632687,0.8326920644715294
32070,0.8640902302553993,0.05398733709593881
32082,0.17715832853048658,0.1030339759400994
32400,0.18931586465837136,1.0105200712417641
32542,0.10200572905710606,0.9039898164274885
32544,0.32358873267641086,0.9305058973295711
36495,0.5008117318769713,-0.039126014421425374
36626,0.3261196482613005,0.18055162273903685
36656,1.0605708590722527,0.29992747776115675
44990,0.6456394822207168,-0.07026517524705156
45100,-0.05651210951668818,0.622856534839159
76970,0.5586652975680266,0.8981383816003122
77722,0.04215247078818868,0.8054541350339427
77814,0.5724822790211638,0.000565628091164765
92682,0.3601786461352986,0.9524022740223189
94378,0.15045714891143133,-0.054848408909799265
96667,0.6720090806565281,0.1537281441349083
97310,0.17198695214485485,1.0042424071868126
97311,0.03617007241379685,0.6333197984915387
97312,0.9189291692006398,0.09121993562032721
97314,0.6144269516342986,-0.09453941129324904
97315,0.747651443245531,-0.04007665690888819